{"train/learning_rate":1.9999843822173742e-05,"train/epoch":0.0053369929856663615,"_wandb":{"runtime":45},"_step":7,"_runtime":43.432523782,"train/grad_norm":4.900782803250067,"train/loss":1.6978,"train/global_step":35,"_timestamp":1.7485810118636026e+09}