{"train/epoch":0.013729977116704805,"train/loss":1.837,"train/learning_rate":1.9998965436878964e-05,"_runtime":40.474835655,"_wandb":{"runtime":46},"_step":3,"train/global_step":15,"train/grad_norm":1.213829517364502,"_timestamp":1.7485910193199852e+09}