{"train_runtime":9200.6828,"eval/samples_per_second":59.532,"train_steps_per_second":0.356,"eval/runtime":251.2282,"_timestamp":1.7486006451455472e+09,"_step":660,"train_loss":0.3653518446904217,"_runtime":9447.976128315,"eval/steps_per_second":9.923,"train/global_step":3276,"train/epoch":2.997711670480549,"train/grad_norm":0.606594979763031,"total_flos":4.699501414622167e+17,"train/loss":0.0414,"train/learning_rate":4.598137248734702e-12,"train_samples_per_second":4.273,"_wandb":{"runtime":9456},"eval/loss":0.102959044277668}